username,password
user1,pbkdf2:sha256:260000$5P6DO9fZm8IETqRV$ae70daae1ec82af82162719277550df623a3ac74ea27e7149b405550e26c2bc9
user2,pbkdf2:sha256:260000$iSFFZO9H2S6vJvvZ$b6da86d8c3e1a840f417910218c5eb923c450315b6f4059d22816b223c7e4dc4
user3,pbkdf2:sha256:260000$LvzcImp47yvzq4aI$7d33208c0791555dc09fe05ef392dbbf623c58125b741ffcca470789c03a2afd
user4,pbkdf2:sha256:260000$09Nmd2BOlmnoZ9ny$a8c98dcc07db5d4f23449eea1fe687fdb69bdf4cc923ad7bb3c4ed8a13f7c1f4
user5,pbkdf2:sha256:260000$aCOhLRXq4jfXjk0E$3fc98e03175e90e88b33672641d6ed6c8ea1d7870360cecfd8e8132e4efd7509
user6,pbkdf2:sha256:260000$kLFXmOuaDVOtdsPm$e012767b933e147fef5d849f7fb306f22e8112ad50ba386cd4044e7ee9a7a730
user21,pbkdf2:sha256:260000$WYJzxDlQ38DfsPHv$85e112457ad5ac4368c9763b01a4747d2e36408d8ce33dbb41c2a6b21e0a45b7
user25,pbkdf2:sha256:260000$PNkHFUSLM0OdzdO3$9c0b2f8c47df1918c26e43558e1c2fe336f6e1b786552d650f3bb5f22c7e28a0
user26,pbkdf2:sha256:260000$kdMD6zDYOT8RQ7cz$03ec248ec6d0a67f295a382ac5c25c0a2eaedc5f30705de609bae49e9088bd90
testPfp,pbkdf2:sha256:260000$EsQVMle7zwBXRfLE$096b0c8d081909d07b79a9b0bf6d3932da0ab83418723a19894cc5e96ac8cac3
username5,pbkdf2:sha256:260000$aniEu1MKlAGsOktV$9a10583f16a4775ef500772b9e985b3306d501d5bb07a9c2f5c1cff6dd32fc9f
user122,pbkdf2:sha256:260000$yrL6xk5U5Atuo4TZ$fd7d31dcc86030590385ff69a4efd29570eee1e3bef16018cc00b5662ca24940
user500,pbkdf2:sha256:260000$uynQ2b1OLzupligU$a664978377b2bc7c629cd93413bda97c5b01e33be7589a713c1ff063996727d5
testcase12,pbkdf2:sha256:260000$qjGG3tep93j3uSMr$b6dc1e0424626a14fdc3b0da0ef83a5133d485364683bbaa3a14dd2a623edd0d
username12,pbkdf2:sha256:260000$cRKXCdPh7PxQWj9a$27d9585c71c8417fa29de394803f6a9116a4a6d9e3e013ae4fe984176b8fe5de
LocustUser1,pbkdf2:sha256:260000$bQL9YNsdPEHjyDQQ$e89ef31f7643ddad79ced868262fb04ebd256255b685ab6501c0d304f6b87eb4
LocustUser2,pbkdf2:sha256:260000$OUqtdmPYHm4bRRHt$58de2ade0e2df06cd25bfc410e5489dac24ed51971e3b2a4a29cb84466fd5639
LocustUser3,pbkdf2:sha256:260000$6UNm7ui8sIXB5zqf$489d2824dbb5b2cd7aee0456b1d192de8d608410d841e30990797c655cfe4734
LocustUser4,pbkdf2:sha256:260000$li9vEgj69hEY6TaQ$2ddfa59f4f10d2a5051fdc1bb97b75e9a5f72e733baa4edcdc26d657bb4f7265
LocustUser5,pbkdf2:sha256:260000$A6xOZPyPTgjYONTn$1a44843af24fd09f4cb2fe6c9ea6d23bcc4c57eb2ff513d5b097248532f33492
LocustUser6,pbkdf2:sha256:260000$2h8RykYA2KXZ0V3k$3ab6ead20cefdc8337041fa1b000bf8dc516474924fd4e7103e28de170b98e9a
LocustUser7,pbkdf2:sha256:260000$bjpY7XljpVRWQewJ$91ab729e41afaa46e964d3ad78738825be408f41eafb703e83a4c99363de76a7
LocustUser8,pbkdf2:sha256:260000$ohxF2239fYNcL93p$e5806d0371a2083507bffe9de881dddfe4724f3c2de9cb1f8d0dc90cccd6baeb
LocustUser9,pbkdf2:sha256:260000$XVaxet9dlkQW9ev7$dc7261caf421d73c8818b7d67849c2d1d659671fc534b154bb559e525e444c3c
LocustUser10,pbkdf2:sha256:260000$8QLvF9wuPZIiXhmP$e536e794a50288d3bd6eda39e89ba9eec74b19c193858b6fe83fc60fdaad5f56
LocustUser11,pbkdf2:sha256:260000$ILGIBdiutLSnUeFA$6e87dfe0afca556d6acb8da9059c5b75df3b8b65d22a7c9f4922a0611868bbea
LocustUser12,pbkdf2:sha256:260000$O4AhClbUiyKq5fHg$31488d91f499611ce50cced66df478913486f1d2f1e627973833441f01b65687
LocustUser13,pbkdf2:sha256:260000$HooZDB04qBKY1lDc$34004bbc59fe15ce4ce2c9a3e557676522eb9dc1da9ae1e8808500a6b6a8bc9c
LocustUser14,pbkdf2:sha256:260000$OBl761Naq9vCb77g$ffc171a67cce8d0c9f51fca7c4d08b0ff67f6ca2a316251212e8bdfdb9d85858
LocustUser15,pbkdf2:sha256:260000$r2JWEajBoqurqFOi$9ed25d8eefc85cfe67770faa1c27405b20a9b55adde5bda7ce726d9768dabef8
LocustUser16,pbkdf2:sha256:260000$0N4Zqnm9ZKtIdR2M$3fcaf9786275b04811228176768815da4fbe29975e140b174af3e2f83f877fc5
LocustUser17,pbkdf2:sha256:260000$mOxETrTCUXoJJRdI$64c8eadf4818cccd4029ee036432fc9648c3765aef2679767cec282943971930
LocustUser18,pbkdf2:sha256:260000$ToBcXu6bJMQTJW1Z$bff4ccf222a39c17d792ec02292ea5cc72b1f355574ea8871d131b8f72038e2a
LocustUser19,pbkdf2:sha256:260000$CadvSi00An8ke12C$b73c05819d2fe12483779c9f913a434ddebbe55e92825bcda3b677fcbb11ad9f
LocustUser20,pbkdf2:sha256:260000$oUzEBSUS3DST0Hyi$6181f869404bc7a9f7ac2cea220afa7c059cb7b5ba0c80d8c9847b65b303479f
LocustUser21,pbkdf2:sha256:260000$Mds2ZFLQNRwmXVkM$a524d1c3465b2bb29a522526ecb1ec287f080a0c0c94dff4bb76fb8ba8274cb0
LocustUser22,pbkdf2:sha256:260000$ABHizby0gkTvSU91$535aebcd9ef2e6c578f4da880e7471b9843a01aadc11b4e985a82c9b553fed6c
LocustUser23,pbkdf2:sha256:260000$6X2plBmv0zvVvTMd$ad7b9e665dc775f9a215fb4dfbb235a35148c401ebc744bdc858b26d28eb832f
LocustUser24,pbkdf2:sha256:260000$7feDIJkkx5azeCIz$c7628a2f7bfca065cb400373a9b6f4b060d15e442876900ebd005446da72fa9c
LocustUser25,pbkdf2:sha256:260000$D5hzWu58k4Ef80uK$1c11821f1c653b20a6c771657bc6bdbb191714c4ab3a743d7c764f0e759b2c8b
LocustUser26,pbkdf2:sha256:260000$EopraWv4s1AUXyqB$cc5a962c02983d241850db0ae497b99fbf3f25f3d73dd90c6cab7d1f62998c68
LocustUser27,pbkdf2:sha256:260000$8e6zG18oaDBYHPrd$6c2168800b96a7541375a5af9e01b7dd37fefd81f9e22e5ee982e225e2dd9f16
LocustUser28,pbkdf2:sha256:260000$KEk0Lg69zpsO6IA0$fbc7da9132053bb0813e4fd72cf97a810499df183a09304a8ef3f01d7e941507
LocustUser29,pbkdf2:sha256:260000$3NhJJ9iooJcR70Xd$626d2881d09273501004cfb8e30484ae528ee6bddecdebc0706094437a997987
LocustUser30,pbkdf2:sha256:260000$lXwA6E7wIvXgwEFD$0f22377196d2ee75b5d87cef1176117ff0c10a8dbcca15ca12df006542a0ff17
LocustUser31,pbkdf2:sha256:260000$UUEweovhccK9CS7j$eb25c33397b625fce4e896a2ca5dc7aae50bc4df2b0348561f2c6e4fef98dd6d
LocustUser32,pbkdf2:sha256:260000$wX6gNOZLLc9G4Ai0$a33a1f21a2a1bf2f56ff0a5e550133114e7a4ed824d9ad63b2f0be950491c802
LocustUser33,pbkdf2:sha256:260000$Nn3gj3GM4kfnVzDX$53e4a38f39f74f5e995d72683924bee5a6f04f1e5d9f08a2847df49c8db3de91
LocustUser34,pbkdf2:sha256:260000$izhhWsoeMQNanfLV$2760cf8793bc2442037bbae5f12493edbac467cbee8cbc4b5023f937adc484f3
LocustUser35,pbkdf2:sha256:260000$1hYDginwNFtXX92B$4339c331d1a67af43483e4170b6be459689d3fe4e7556f366352d7cc0b265ecc
LocustUser36,pbkdf2:sha256:260000$6YS4PMt3M1fMBN55$33540437c42f67730b6703d8e6f6f26c701060c6fbce68ceb720b7648af23750
LocustUser37,pbkdf2:sha256:260000$a3guS4oF0jv1pv0h$04396275eb51fab0b39165fc2d9c2331799209e47b3a1a6c77db73ff9ae264bf
LocustUser38,pbkdf2:sha256:260000$nOH7QqQvn0qOvm3U$e2157649e1b03a9090e075e997a0aefc94da8a65c19e5678846e6be75ed23c2b
LocustUser39,pbkdf2:sha256:260000$iiQ7TeHfj2A4FAQY$0412c47cb3f5ea3bd36a94677f062bec1cae41e653969d8bde046f0d389e21dd
LocustUser40,pbkdf2:sha256:260000$N4EUAXNRbxubBv3U$20c480520d526e6945b121332ae843a161a30aaa65eacccc6ad1668edfc4405a
LocustUser41,pbkdf2:sha256:260000$EWsf9CKrtDjDgUqn$a6bb70faabe442ef2019338003bf80e2b104ad355c0f5dc62a27cb0cdea01704
LocustUser42,pbkdf2:sha256:260000$1Lgvxpj7QSxc0nqT$5c0746ceebc5350f23a6474dd697a76e8ebc9721f6b9b4426edd6d2f5d065be2
LocustUser43,pbkdf2:sha256:260000$NEtfRLhDZEUXtb3Q$88673ab6bb269838856e21b5604e895fc10642c6cfcf30457463b65c2605dc84
LocustUser44,pbkdf2:sha256:260000$bTCnDTFcizPE21RE$379b43fb860fa995df0f853991dbe9231f3c6abd6404a58d3a5f9801575094a9
LocustUser45,pbkdf2:sha256:260000$yUnDbFuppVkr0cq3$1e9ce485dc24fe18247ccaf545c462876618d765a9038e67edd8e99a406532c5
LocustUser46,pbkdf2:sha256:260000$1VNKxcmOWLzCIKEN$6a0a40e9d28d32272be7e2d23e2f887d0ccb0df93b08efa3d5e3785fd60866a0
LocustUser47,pbkdf2:sha256:260000$uA7kDdlKaTRliMd7$90f34a0ecf888558f1f1a308e3708bac2eefed49a2f38bac19a672828ad642c1
LocustUser48,pbkdf2:sha256:260000$je7lBwaDei6oVDSe$81af70386e564abd803ab41706c10e05159b68826b0e022bb2cba82a49f1d78e
LocustUser49,pbkdf2:sha256:260000$rMygVh4jkk48iwcH$6be336f6e5f4100f7ae4f45e5dc8b9f0188208694ad0848a9e8815c54ac403c9
LocustUser50,pbkdf2:sha256:260000$zbdbNVnGNZhxkyZB$c2780a2ab935d2db5932428bd85eb0cd945f15442732bcc3638b0dc51f59ad91
LocustUser51,pbkdf2:sha256:260000$OizpWDLs0jxNbCkY$82910085d543dc41089e9f0dc7a7c8433d02aa719a45ea89151defc4c30291cd
LocustUser52,pbkdf2:sha256:260000$aPazgsNwFFA8J1n0$0e6ba79cafc58f2ecd1911eb086c82067120add5cf084a44388bfad4b0a42184
LocustUser53,pbkdf2:sha256:260000$SxS80vcxytPiLCb1$e6f5868d2eecd8de9dacb6c6559c472c4648592ac4d659eb26f9b4e1cc8499c0
LocustUser54,pbkdf2:sha256:260000$heg7UhBCkPpJ7VSg$1f1a4e1a24b8a5da5847a5e132b0524dfb54660d83d64ef1eacb03246d6f01e8
LocustUser55,pbkdf2:sha256:260000$LkGyvCnMmANHry2H$2a589e153c8b44ee91f69ab8c1f67ffb7620c46d43a9dade95443243460c8522
LocustUser56,pbkdf2:sha256:260000$Mxn2k69UvLHHw5CO$7fe8a4367ef6642c506c42ae1e67d99a7fd984b2196706c8d2e4b3c51a6117ea
LocustUser57,pbkdf2:sha256:260000$z5a09BL1yTX4PNYA$7c03d91997f06fa463f9458671a1d62792da1ce7ac0a8ad89788d24c2843040c
LocustUser58,pbkdf2:sha256:260000$xX9m3hr0iT7pgrBA$f8c39d1a1c45b32932c4d14e6d06a000535fde15e85ec115e8b20d4531c58d2f
LocustUser59,pbkdf2:sha256:260000$uNkF52Nc6Ofq7mYi$8b6bf30b23f8d814acd0fef461d66dc5c93aa1ebd9fc4a7ece7eaaadd75a884e
LocustUser60,pbkdf2:sha256:260000$zKMJnkML2KLvqtpb$b3c0224062c44b235ae2c8c0e975ee55429cbe397033d167d1657ceceedcb82a
LocustUser61,pbkdf2:sha256:260000$m5oTVhkC7ZnE56BT$54c67ba51a8e26ad1ec2bd5fc649622eaa355b57eeafa4aafebb55e84524b224
LocustUser62,pbkdf2:sha256:260000$9DXGnrmrIyTJP8Hc$41f653cc2687c1323540753c0ff8543311f7ef9545c2128c482811296c7bada6
LocustUser63,pbkdf2:sha256:260000$3Qs9svoFksZgfGoC$e35d5e1aadfcef96f5d8a4a753e3e80d46de8fc61f692fc400355f19b4b7c3c1
LocustUser64,pbkdf2:sha256:260000$Hqv6AwOP1y4ZsYEC$2509aceefa2cb745a5cfa109038b434cd7b45321b8b2bd28415bf3d4f5ee87cb
LocustUser65,pbkdf2:sha256:260000$aaVCycvG3VQr6cwQ$9e6db539292b3709bc7a603946f91fa3e887f6f0511eb2a1c1006c9a24da7037
LocustUser66,pbkdf2:sha256:260000$v4oRrt3OsdNOtAyA$c888a0ab36755957867a7b6859a8fc44e71bbf9cd3cde1fb7764d64ab3343c42
LocustUser67,pbkdf2:sha256:260000$3INOrbqmUNJcwMHR$efa911b8d4184f524336472a31a9d1187437a3dac392472cb9de3204296503da
LocustUser68,pbkdf2:sha256:260000$mb7jfqMRGYqXfrGI$95d85880b3da244a537e08329c7b1c7432a8f86555b273225ad56838575fe099
LocustUser69,pbkdf2:sha256:260000$0AHy1iPYCxlhkwwe$17447a4b30e64b622217283e3f0d8a94f50837fd5d860e13fddb597ddafce076
LocustUser70,pbkdf2:sha256:260000$fNhvzSHlyV6xTRDn$915134b2c82bb141505490779b9bbbfe1edae455173969837055e395cf8cdeb1
LocustUser71,pbkdf2:sha256:260000$BrZ5PWaXYcI5ovMx$e0c73f6ea6f40c3a7d04b818085034c9b21430e886ff44a5834877adf77d94d4
LocustUser72,pbkdf2:sha256:260000$FaKkXtCtIfRMp0Ik$de73865260d028732fbcc9cf1d32084102af455a62a5d27a3eda7e294e4560d7
LocustUser73,pbkdf2:sha256:260000$0xZVJRoxAM7cBLTB$c7028cc02f1abbb2edc45ed8412c1552ef0a1c09df9adc74985b8acdf03bfef6
LocustUser74,pbkdf2:sha256:260000$CJQg4nLA919ol90c$8559d8485194ac66a3e161c5e672417629a03db1e71d0a2918f3bc811d36a600
LocustUser75,pbkdf2:sha256:260000$vcLFQ1WRe3b2reZM$5d1a56d45e83d05d04bf1bbff4ab6d9ced9aa6e8068ea4c5ed5c7ab32a8a9803
LocustUser76,pbkdf2:sha256:260000$CKSbBJEJAZUsNIiN$0e0d8509a2c4f37bc84f9e5df08535b7129fac3ad868d6022dcf8e8449bdbd0e
LocustUser77,pbkdf2:sha256:260000$tFWtFemUSJdP2Lpd$8d5d117a24f9c41e7632f5c9bea7486de3917ca4861831b5f9a7e17a6a276ee0
LocustUser78,pbkdf2:sha256:260000$g2Yv8jCZGC8CnnoL$d05fefe9adc208c5463560389d3664be35de0f4fab3c5c2eccbd6edc78579072
LocustUser79,pbkdf2:sha256:260000$bHBBdMCDSenOM8sG$a6fb32305b14f134dddf35079c2ff7c7377644a69781edd08cfccdc9b306cf45
LocustUser80,pbkdf2:sha256:260000$Po7IFOrLPEnVgqo2$ee45093c5c961cc4f54ed61008fde012f86a89ba3c1be65ed0e3c6f4b3f98c89
LocustUser81,pbkdf2:sha256:260000$ROe04VN9E9iTXPgF$b01c0cfd361321cda533a2c275a4a63b30bb582e2d4d7133ab37f0f92a249372
LocustUser82,pbkdf2:sha256:260000$yrnlKQNYi6GAxcxN$1694e1fee7e59c089670d37a1035f33d8e1eaf4d9a7e249dbf198985db4ac7b2
LocustUser83,pbkdf2:sha256:260000$BjkUrq01gRZUoNd4$f063640bf94584dceaa93f8034dfa658d51b1b7d600d89e0e6a100c348fbf001
LocustUser84,pbkdf2:sha256:260000$jJ9VH2zoRlWzVC46$d9f38a12c2d8158401ef4758e7bfddbb1106e8460f44ec635da3dae6cd64e6a9
LocustUser85,pbkdf2:sha256:260000$jm4R6RkQutBpYyWg$b85395a584a555199510fe03f0cf4943f27de0d7bfa58a59eb798e9f831683bc
LocustUser86,pbkdf2:sha256:260000$HX1WAGTyCftZI5lt$43fd05f4cad9fa22f9e3b2abc75616484245f9a0e7dc660113058a70b9804a56
LocustUser87,pbkdf2:sha256:260000$p7CgQJQvRdJBKCUc$9e8f4687315d022204cabdfb281a9ef12faeb8c0dda8808562ddf4f86dd96c3f
LocustUser88,pbkdf2:sha256:260000$sgwd6pW9gox60vna$1becbeafbbd059f43fc3fdcbae8a11acfc0461b9b492b2c15184aa79d21016da
LocustUser89,pbkdf2:sha256:260000$BYZpDDmzQfVJrZbT$f46e7b258c546ab3ac377cedbdc0c179e6fc0c161bad9825e75a650169bb8743
LocustUser90,pbkdf2:sha256:260000$wGLMI4Dvip1Sw1wA$89b9f5c2136a2b35690d269ec1c3753829d50549eb3b1dabac116e276ab4e955
LocustUser91,pbkdf2:sha256:260000$3HwdTmsJQiXVw28y$e3cf8f5557e6b6c0cb38efb538f5237dea8b7c3b23797a44dda74c41d19c75f2
LocustUser92,pbkdf2:sha256:260000$g83760AusCSAYtIx$938601c5a7132691dc86ba90a5c4c98aafe873fbf93cc24dcc64bfe320851b95
LocustUser93,pbkdf2:sha256:260000$WVHRyQ899qdUN75I$d1b216ffb204433d5b23e0703f6ccb06fc2678a9ce5326167ad1914a728d5941
LocustUser94,pbkdf2:sha256:260000$BaUnlDcIINjlAokj$ab5fba13e9207c94bdce1024e21ee506804da94dbc33d2b3e01ee393822bcb41
LocustUser95,pbkdf2:sha256:260000$GdtDihfMPLphq1jR$e87228b651e0a9fbdc0262dcca322af828a6dfd57fb83ba36ae8f750f84af9c7
LocustUser96,pbkdf2:sha256:260000$0s34fQgAZQd58Zwk$4364e75df6d3bb2bdc044db6af574d9472c3795a74757915e4a19d0775f2c801
LocustUser97,pbkdf2:sha256:260000$ezJP9iIReSCNB8Zs$ebe5a3b5945cd90a024f48bb7f3423deeae8de060d75b85dffe209e90891bf93
LocustUser98,pbkdf2:sha256:260000$IDCHmjR7rZEuxDpZ$c462f7c78915e0c396fcb8fd244c1af82aa049588cd50aee117219e840e8b7a1
LocustUser99,pbkdf2:sha256:260000$UKJWMaizDgLpsETV$1f393ac1cfc7e8e24daecbcfcfa7b536d584062683f3373ad35faa083bdb7619
LocustUser100,pbkdf2:sha256:260000$F7B5eYX7k0idgabh$8f3da1a2ca2850e0394b0d0c638f30838f42faf0d95d5db2b2c7cecf7e17d9dc
LocustUser101,pbkdf2:sha256:260000$BC074184ugIOjLwD$27d6a27bff1a5b261ea76ba671b03ffd9c8dea6145102ba355949cb0845ef4f5
LocustUser102,pbkdf2:sha256:260000$2FeBKaShRGUfLdR1$3115704cc57909949c9b1e3a847faf5c60c8f47fd5b374ede048c0ff1722c149
LocustUser103,pbkdf2:sha256:260000$lZ34lTQjy98dNU95$1936a327c9af5a2bd1de3d99d6e89ff02ab5ae0fa33ed9e7712f519120f83530
LocustUser104,pbkdf2:sha256:260000$k75Pusyq9Udi98M3$f3320227d7ce428e17045ccffdcaf3cb3bd867ca55b6bc4e143492909bf64245
LocustUser105,pbkdf2:sha256:260000$VMft4VcQmjPi0v9X$65a0f58b71e8a6c4290cc73b5e45692e45abc20c66f3e31399444a02b6c10ef5
LocustUser106,pbkdf2:sha256:260000$pg1yo6UMDM0MPz9O$cf2070e454175f07b3334a9ff9f1d4825c93107d8b9df82fa0da03191a0ae328
LocustUser107,pbkdf2:sha256:260000$JuSRXwnVEZ979ySy$63a694785267b6d6fa2874f329681aaa2ddc3677462ef7d76ae4a6218079f0ec
LocustUser108,pbkdf2:sha256:260000$YAFQy6xTuAIx0VR0$e6c65154353bdd662c26ae1822d67d5b3915499775be4002d4f285a779f28561
LocustUser109,pbkdf2:sha256:260000$KIZYKOtKRDJOBns0$8924221b84e3b0a894071f9fbdc353a94536c77e4b0152a6c35ffcabab7ec89f
LocustUser110,pbkdf2:sha256:260000$YH6TinNTwGY9oMwa$ddae094bd74e211178e60a1dfec42f5fa0814dbf9fedaf95a866ca41dc62110f
LocustUser111,pbkdf2:sha256:260000$LSeblGdCNae9JtBG$39e601eb814581b332e05b48a7d0d8e23e1c049d2c7a6be02fc5575ea20d8eae
LocustUser112,pbkdf2:sha256:260000$ZisjkYvmplI3BUuR$39527639af62c4c43d869c9aee3e2c2900011b15debb12c93e7777d7228e4bdb
LocustUser113,pbkdf2:sha256:260000$XZ09XsXrvWklMQpJ$1af20f5c3ded97fde0ebe012101f135f6619c1b3bedce278b7f641625d3e0e62
LocustUser114,pbkdf2:sha256:260000$q0CjskvvcteYMHmk$6aefd90f8835aef5a36782b80d6b908eddb2bdc69892716f5f149c3a47c621b3
LocustUser115,pbkdf2:sha256:260000$ZkqkbQsg6kE0zPqE$8f17219c6f5d65c1972759a8ac91fcfcc26cd850b216c69a8ae6de262b36e9e6
LocustUser116,pbkdf2:sha256:260000$1cpcFKdYiArc3kVA$2d7a9bed864a4f13349f91253ffeb71083c30caf531b662223256f33cb904501
LocustUser117,pbkdf2:sha256:260000$nCqV0TljZB1pNXtv$884edcd55daf5194596372d36b12a72c822cdc9e159ded3d923fca902a6fdbc9
LocustUser118,pbkdf2:sha256:260000$b7lS15cUFqfM33Hb$67fa598a7c94708edf9cc317aa4a65827e216c9e7e137e7b13844c2958ef1c4e
LocustUser119,pbkdf2:sha256:260000$cF517aJomt5nt2st$404099dd8f4ad028f8448e91e4697173cf6abb2a4a49fa95f666a5127ac65f7a
LocustUser120,pbkdf2:sha256:260000$mLG6ormILiPSEpEc$5d55cec3ad1de83580b0a456b181045b2ceb0d748bc8c66cffc88963db73e68b
LocustUser121,pbkdf2:sha256:260000$Ea8xf1rjbCBDK8or$a21653559bba801a14b5c8c92d92694d96430e91f83b3a765987e781487b6bd1
LocustUser122,pbkdf2:sha256:260000$KnYL9kAkcti97Aq1$d4fbe670c885ffa67e5222abe275a6dfe32e41593cdce6159ff8fa7fb75eea22
LocustUser123,pbkdf2:sha256:260000$CtuNYgwUnd3XcUKC$3d405f754969d548ada2055d59ffa03d26c7c6f5c6a24c5b44127c02ba8353c4
LocustUser124,pbkdf2:sha256:260000$ok6fJHy6BciLDJY2$bda840ac6f83aaa4bb02edb969709e8e73a8f0aa3849188b1b3d120767808b25
LocustUser125,pbkdf2:sha256:260000$cxooru3ppkunNYEU$ccf58b67eee67849919b71e600cc50ced628220a2f564aa17b6c7abb28ffbcee
LocustUser126,pbkdf2:sha256:260000$1sF6U2hbbMsKosf1$6441473231c61904b20a4e741345b479970e1762fa8fe2fbe0a81b55f9e22da4
LocustUser127,pbkdf2:sha256:260000$Fvy9ogEuBoQNGlNa$94b09cc92a6cb82e13084279bfda42c6788d65d9a58caf84d983e06acfd44feb
LocustUser128,pbkdf2:sha256:260000$K9ytcT0VAdRTc59x$58481bd970273ab2e4cf131def493984a09946845a501acc290903332e6e1b22
LocustUser129,pbkdf2:sha256:260000$Au43R2VgCZy35tFu$64846e2bccce22428e83f9d31cf8635e14944f3596844b66cb9205ea0115574b
LocustUser130,pbkdf2:sha256:260000$IB5QkB99hxwzblxU$b2682b5d864fe478580dccad02cffaccec1a48094bdf05731721c0d020b50120
LocustUser131,pbkdf2:sha256:260000$0sl5TvRX7G905XM1$bfe431eea869d8ddc59dd14e4bdc11d92ec6a742715de2e8d78d4c1547da1599
LocustUser132,pbkdf2:sha256:260000$TEAN7WfiJBUjvURb$c8caf2bb0ae9348d2799180712a3ee3dedd9803553a2f180021ac444b1edcdf9
LocustUser133,pbkdf2:sha256:260000$bnf0FEuGOdYjXMOO$1bfe7e5748eab58c2b07729e2f62ad55b52ae5143ac0963eae23670068458e96
LocustUser134,pbkdf2:sha256:260000$2KD8HnsULMZaMvJG$a88fe95bfd98412cc23f06a1cba5d11b6732366c968aeaefcb2ec3f02bbcc76c
LocustUser135,pbkdf2:sha256:260000$b6Ei34wuogq3aIDv$83f532ea3345f44d0fb5d7b07c26e36af57d1c37fdd008b5d1200371aaec349b
LocustUser136,pbkdf2:sha256:260000$Cebu9oBpaoOFhjOJ$feb266687359086273e199fa759a54247f48196ce2a20621b7a778e1356c3e53
LocustUser137,pbkdf2:sha256:260000$0VnqtuFznTs1e9DD$f20f6452a572088ccc7edb230c465a1faf9f0776fd54583c153fc7973d24ba27
LocustUser138,pbkdf2:sha256:260000$4hhYJPBQYZ4k88Pm$eff7fd69a70014c3473bb0e2badc36c2807e80b2b22eb4810a81cb17c17837b5
LocustUser139,pbkdf2:sha256:260000$GIFlthqE543xm3VE$49e529d77d4ff843b3c814ceedc6820a77a0673004cd7e16b1cc501750ad3ccf
LocustUser140,pbkdf2:sha256:260000$TZGK2satvteW63hR$7788607917a2b0b05460928aa25ac1594abdef960e137ce0f7601f39adc9657a
LocustUser141,pbkdf2:sha256:260000$jQEtbHQ0OPFeRCa4$fc9f73df4e380cbbaa134ea8daebe1c3dd05da5d86805bfe245e58bb2ec4c946
LocustUser142,pbkdf2:sha256:260000$m975HBAHWNWWP5J2$3dda39a40cb48093581ee68704f8df98a459eda57411a9f730adf2f3b648b5ab
LocustUser143,pbkdf2:sha256:260000$E3R8bPtIASUcjKf0$1b69e4f5828e9eba06a6159186695b7f77f028947cdbc8c07cc5c45a8c16e7ff
LocustUser144,pbkdf2:sha256:260000$Q9Z0GtbTOXkpYxDf$3ef3ca41b3b4d761c3ac089ee84368892c07223dbf6a93a366fe47c64797f311
LocustUser145,pbkdf2:sha256:260000$qFhc4YfQtSXFh3GU$81ab77d3d9e0da9115e0066c383876c5c5a96c459d55b2db0d80532868571fe3
LocustUser146,pbkdf2:sha256:260000$8XXynUK75LeoPW20$6e72e6de541e5b72c4450597a698a38da99a747c80efec1657818e8fdcbff1e8
LocustUser147,pbkdf2:sha256:260000$7JALnNF6j0n0pk5G$4c2978d5c375417fa46271f211fd9ade569a347cf92f9f5d010596fb72b65a13
LocustUser148,pbkdf2:sha256:260000$Sx8r0gbgTlK1QMNx$a4dd0406b0dd16d6177d43553a98327c26eef70561f724db91b12abd0f571c44
LocustUser149,pbkdf2:sha256:260000$drqc3WuVLJOlaB05$06125be28d78dc0b3bc7b57d95ecf9371cbfab9bf9fe54fdbafbcf75114da063
LocustUser150,pbkdf2:sha256:260000$Z0cycn28MxzKVJXI$08a3b5a2e5e9c07485f08a20708ac82868b293b8648ed7f6439dd76f1d27a6ae
LocustUser151,pbkdf2:sha256:260000$o2y1qwVE2zLQECRz$4c44e0fe5abbb988dbd7a5f07ea1322eb83565d73716929f29e01026abfd8d3d
LocustUser152,pbkdf2:sha256:260000$7OL8k702c46SoqXE$35e4cd2910f337265063e6179fc849ae97eb7ee3bb83140437ab52e083563460
LocustUser153,pbkdf2:sha256:260000$2NW4JCn5wAnbGw1N$a251fd52bb6ef2d2446707949753e6b8b27631bb692724fcf441d6ab89d79f47
LocustUser154,pbkdf2:sha256:260000$ZEW7GR1ZpwMy4Ekm$4dc952143fd7a8e01209635a4ea744de53b629fa5f50ed414332497cdf0bb5ff
LocustUser155,pbkdf2:sha256:260000$YpmBn9ptNEQAHg8M$ea44aeb78b5aab1155b2635f90f457a2691ebaa37780383f695b15ac046c6203
LocustUser156,pbkdf2:sha256:260000$kqLp5WJWIeY8O9it$0b398400fddb094f044df9903a0cd13fdcc84d794d111549455c4ff8bf57ee42
LocustUser157,pbkdf2:sha256:260000$SwTj14cWMKAvwJlo$a2598c9a2bc24e07ebd20c40f8b3b853975aeb38bf235085dc611e1e4c6c5b99
LocustUser158,pbkdf2:sha256:260000$oeYYcLTT7hO7dYxv$7e8dde4f265efb62ce8b24de5b0dda7b2ade9d648613ee0ce0580d5794ea8f93
LocustUser159,pbkdf2:sha256:260000$sI1k3TgyxMMkZzyA$850a02bc0230e23ebc294b972ae1a04f9593459951c74c24a64658a6bbe5a8f5
LocustUser160,pbkdf2:sha256:260000$NP3pVRBvWOu0s4tt$df196cbc6f13673836a0b88f63881345c00eae3cb52e534293d3ec79ce4367e3
LocustUser161,pbkdf2:sha256:260000$hd7SyBU3fFQD8IwP$bf6b97608553fc43cc201e0f75e54bacda024b488c254e7c5672a2d0f9a55d85
LocustUser162,pbkdf2:sha256:260000$51dOW680axYemUo9$ca8fe20d97a7f025fd50507f652e3d9e093b3c97b02e564e38058b9809a6d431
LocustUser163,pbkdf2:sha256:260000$pDYZIxdz996KvdRj$edc6b8cc917c1d7f1438d3e0145f18c5c452b11a53c82368bf3b07c9c8e97c5b
LocustUser164,pbkdf2:sha256:260000$WUMWWA5q0vvSL41S$1bbd1011919ae35b1b36d64e1d687eb33115122606d365c62cf1fd57e46f9516
LocustUser165,pbkdf2:sha256:260000$5NqiOnWWWaj6Srdh$4b570ef2bfaf5f4e785501b2567381c13cec95cc339d57236e32d7542fae0d7c
LocustUser166,pbkdf2:sha256:260000$emc9mvDibTpKMy7r$fb27917310647bac81ef6ebe6458cb2d5ee2189e5f69a4724dc437de6b65b950
LocustUser167,pbkdf2:sha256:260000$NzpCYHkWBDMJ8UfW$bd7c4087d9a4248f5a225eaa39803eb6ae88eb96808724d38ca3bb67db5b64ba
LocustUser168,pbkdf2:sha256:260000$MlKJpYcEuG7griRO$1a19bc87f873cc48278ec704e91d288a9c907200bc117b179af852524ed3f833
LocustUser169,pbkdf2:sha256:260000$Q1zNomGbtC8c580L$2ac174346503b4bd84898847297a33053bf078e8802f556dd07d15a2a34e68b6
LocustUser170,pbkdf2:sha256:260000$sfwmC1jTzoTqJpvZ$36e84fddc58c2037de7c8fe2014785ca3af39012a2ffb95f3ceb57843732f86d
LocustUser171,pbkdf2:sha256:260000$MiHFg27trvsr5LWj$7e1b02f7ae3ee93c8fa6027901e2dd85733468d920b7258a2d08968e458ede04
LocustUser172,pbkdf2:sha256:260000$bhcPaTpcTgcmuHXd$99d5a1c7005c3e8a89b7dc22f690f5e5718d4fbde9d97e2e639c774d0311da49
LocustUser173,pbkdf2:sha256:260000$Bcrb4cW8pfMrqEFl$dbe04d6a6ebe0ab5459baee364df2277f6b491672ad0965052e2443be5d0f2fc
LocustUser174,pbkdf2:sha256:260000$ggOBd3bfjIGqZaxh$955865e00c13142def5eca97c7f99a24f554dd5acaeb231b351735b1ceb7d4e0
LocustUser175,pbkdf2:sha256:260000$m8c2wIm0jTvmTY44$2dd1b7f3ce7b42799e515a25746a501682f89108cf214b90b906819e3e631143
LocustUser176,pbkdf2:sha256:260000$3aa5QExk0De3m34K$6050913bb15d484bd7f9aa9d7463d3f79e5d69141a1d69252fefa5c550e21173
LocustUser177,pbkdf2:sha256:260000$PstvTq5ZxihhVlc2$5779771e537f49724c590d0b6c8718d584e9c947928d4ff9119cccf46bf4cfea
LocustUser178,pbkdf2:sha256:260000$u7BpkAFtxyi0gPpa$6a83b2e25d861477c2d6408deee51477b0eac35d146a139083dd8e88c1c9324c
LocustUser179,pbkdf2:sha256:260000$gg04wpaWxYRAultB$aa6860fa2129d11008a95553c3b73469e08f9a763054ccf39cb192df616f83ea
LocustUser180,pbkdf2:sha256:260000$6gPGAKU4yfRPddPi$fb03ad20bf9582a393a62944656f6b65889e13e9b3e9d19e268e48647798f932
LocustUser181,pbkdf2:sha256:260000$iFEQTVtXAeS1fuGm$9fc0605e250f8e1b0cb9dd361feb799141699b8a3c7ebe8a88840a8b813cf778
LocustUser182,pbkdf2:sha256:260000$Kt7qcd7F3rMKcWV8$dd24f2072e66adb7265ae404dad80420a74b170e306e274d4fd40269db1e82c3
LocustUser183,pbkdf2:sha256:260000$VTwfJYgupCKH7t4O$1ddb6ea40b665ef00f30d4d4458077215da354774f7c8ad20b2c646eb67625d0
LocustUser184,pbkdf2:sha256:260000$QQA81XrMe8C6NYUm$01e621753754a62de114247c30828b8fae1d314a0e7ef49e56859bb9d560310a
LocustUser185,pbkdf2:sha256:260000$zldx0Jhb5g5RrDcE$0324f7fdd6acc38cf36ace02dc3348cfd8f64548b767263c3dd005fec09a12b0
LocustUser186,pbkdf2:sha256:260000$gcgAnDrfYl5j36WP$7c3c943ce52680efb4d31461641c150a0780332952cd0664f9b43e15a5ec46ca
LocustUser187,pbkdf2:sha256:260000$nmHvIS7aCcEKXbxh$0419d0677a17180150fc297dda4751b626a9cce2c52462ad511d6c0e3977a4d2
LocustUser188,pbkdf2:sha256:260000$JvhU25Pj1PTSs7Ap$ae8338ebf2f1bd43965a35bb97138953d028e099b3d2bea9c41ac43557848f56
LocustUser189,pbkdf2:sha256:260000$Uf3LKduLtSbVbdVD$65e394b115773849c0c07556deffbd226c8259bd309978d6b8506c169f4b83e7
LocustUser190,pbkdf2:sha256:260000$BN4v1jtm5O5ByLvI$4077c014977ab15b1a2ddaed213b6065d8519bbd4d79fa10fb50487e3be54d11
LocustUser191,pbkdf2:sha256:260000$DFbgcKGtwMrqSTQr$d52ecc7d3b4354d11dfb0de14a960e129721623320d5ea0b09642c9029b60e7e
LocustUser192,pbkdf2:sha256:260000$NUGpDLMwFi6XIqRn$713b850893827bec4cf2d1c433a45bb31f8f13e51165d04514d012fee79fe9e9
LocustUser193,pbkdf2:sha256:260000$Zcf13xq5vpKn16wG$d50f9487db3df64c197d62eafacbe856fc11776f130704d93d2f727f4bacce29
LocustUser194,pbkdf2:sha256:260000$0IShKPjZ1jc3D3DK$5f9acdb9c97a8731e8f4a47915522dc4f3c309b4cbfc765e1061183c78a6749d
LocustUser195,pbkdf2:sha256:260000$XtIJqK63iV6zv3dH$ee6453d28a36d486e5faccadefd80896e805eb29d4dc55192b41e638986884ef
LocustUser196,pbkdf2:sha256:260000$UxTyYHqu12d1F640$b06b23484cab5c47fcf541f18a08d4fe873e37ec59d91ad28d20465de8a2b1bf
LocustUser197,pbkdf2:sha256:260000$jdLjjJusRpjRdgBl$d6080640f6b05d956937fee30d0c43d7afb01dc53f5456729b513b056b7523ad
LocustUser198,pbkdf2:sha256:260000$2SVSenBqbFAUaSkd$e3dffddab43f4dce482e7c58ad3c508d8671384ae5566b0837dc71a7ac19273a
LocustUser199,pbkdf2:sha256:260000$ZvgVH4L9mU6VM77o$0fc4fb9c814b27f23175ef5d5984cee618b98be3b882300ed205482428680bd8
LocustUser200,pbkdf2:sha256:260000$d7JpD1xEnO1Xqcm7$6ca959f1c8c5680e7e7cb1d8c2c5383655ae4d966dbedce0931d7d42fdb48fc5
LocustUser201,pbkdf2:sha256:260000$resIxBcqdpVP2qx4$5db96103099399220a17c27d6fcd16bcfb3fa14a0d0c7fa15a310567f89499e1
LocustUser202,pbkdf2:sha256:260000$HuQaVP4lDUl72lgk$6d05ad71705f5e566a6083e4dfde12043ad4639802cdd050c54662be83509f4d
LocustUser203,pbkdf2:sha256:260000$GY7hPlZYdg0w3eWm$9b363e3e1b0c78b3a2f79b18dc4646d5371bd0a3ea68d635569f0f43dbfd88a7
LocustUser204,pbkdf2:sha256:260000$Y73gCqRIDGJgBtIx$a10f60f08612f9f245a2fa94a3ad7ef133f22689814aedec9463c34b213f60df
LocustUser205,pbkdf2:sha256:260000$6eTrm9fFd7v6o33J$744c2189f1b8bdc0772d19c43ea027c6cf5baf268c86ac4c4610eb196fa1d789
LocustUser206,pbkdf2:sha256:260000$bn8pZ96gxi3jUEdV$0d5cf38fb0c570443234a656021974f731fae1d0c161b7c71511d41e83b3248a
LocustUser207,pbkdf2:sha256:260000$OvL7hrAySFhm2ugV$c86c5f8e46ad3014b8877b4ee3d183babb7ca2c77b888ba56ea657b56880eb96
LocustUser208,pbkdf2:sha256:260000$wDpNWaX0bLAdk0za$a141564dced2ee1295504892340b150f83368f47526938ef00cf11691f0ec5d6
LocustUser209,pbkdf2:sha256:260000$uTOvCtwppVpGfNly$53e69a1e4453cc036d7b842a1ef43b0a6a783467b1573d9736148aeed6fb1f1c
LocustUser210,pbkdf2:sha256:260000$jKr53vOkLfWy1gnz$fc3f62570eb676474c8912561bd2768dd2604d6498cc426bae225cfd2a76f217
LocustUser211,pbkdf2:sha256:260000$oOOvLq1WW1b9mCwe$5ac16a2e3fdf1cec126a4d2e7648becf5ba9b7fbf14bb1537d55fe7d8015efce
LocustUser212,pbkdf2:sha256:260000$iRu9PwxKs5tTh4zy$84835d9df2387006e7225fd993dcbb81e3bc6827c5f7fa261117ce59978e7219
LocustUser213,pbkdf2:sha256:260000$vYNtuFw1T0tSYdou$64bc429b6ffa03dde85f0e964dbf57ef7b579d68130af51a03a4f2ec600bf65f
LocustUser214,pbkdf2:sha256:260000$lwzVSZ4nAwpG0VuH$35a370e6048d8e397decec6b525df238b3cf71391af01f99035223193dacdb11
LocustUser215,pbkdf2:sha256:260000$QVqeVsXCQO13kyfj$660107c614eb1b92c01bf0c791943589a5615b7fb6ab15a7f18a3c5bfe8271f2
LocustUser216,pbkdf2:sha256:260000$v921dQiEAtqNpPdn$8da40079010fd998c51f2d06ceb5124d9b47f9af7f00d6b7f1bbf70050800934
LocustUser217,pbkdf2:sha256:260000$YaCPzXfXd8EkHjhN$36653951a7ba5c537f18265141800d99cf6f17752b75c2de776784883629c0c7
LocustUser218,pbkdf2:sha256:260000$u3YFm7lqjS1n25CZ$caa6392991d3d7819acfe98627c475d684ed17c7f235288a410bee87bc327398
LocustUser219,pbkdf2:sha256:260000$QtYxT5K6B8mx2lrU$69cb38254982c5e222fbd6b7419965c642327136cc1c4b44c0587f3f1162cfb3
LocustUser220,pbkdf2:sha256:260000$G5n0Ywt6kZqKfIzL$3e75634455a6101570f1d3008d6049dfe7fff90eff7f29a03b534a0db180c41f
LocustUser221,pbkdf2:sha256:260000$YKlWKUlAfoxx1SEG$cccbc3e3a4f5d9be13f2681e706933e63c26b9b56ef29ebb27bfc0ff47f33ccd
LocustUser222,pbkdf2:sha256:260000$bkYPFFNGZ2sXOHCe$aa14cb9e38a2be625bb942814815bd1a22c7be342239da32274cdb34c1988c91
LocustUser223,pbkdf2:sha256:260000$8cHxH1rp9RFOYqTy$e78b1a3654dfbd192341910382e6eb773679f96ab6eddf98cd9209da2ecf413c
LocustUser224,pbkdf2:sha256:260000$Kvddc0Cphm4zZzg9$dd4f5a300c06156e7b3593ec09da127b9c2919dcd5479977b8993931fbfd0a93
LocustUser225,pbkdf2:sha256:260000$s5PhtxwfCDekpSNv$d0719ce1294c67a232d762e8978d9b08916277506108fda0f28980d68a282ab9
LocustUser226,pbkdf2:sha256:260000$yWAgv3y9JIARGXj4$2c7bc699035526a6cd8b1ddaa0243d19f18d2ec67921a902aceae9a7adb31089
LocustUser227,pbkdf2:sha256:260000$yQCIAsxN3WPHYLC5$2336d1e3ebe2c7bedae77d32f060931ad30e35b89d53af51bbb697ff5394fb0b
LocustUser228,pbkdf2:sha256:260000$fqmw5wI06lp8wyzu$0ab9c977ecb5082b2f33f5ab9a0ed4de6ba466493c0f966d0e34dc6205b08ba6
LocustUser229,pbkdf2:sha256:260000$UGNncVUiH5GKJxrO$54f82abc11292db37df48283669809a0146cd05efa03688498d9b7523bc9a48c
LocustUser230,pbkdf2:sha256:260000$E4H5WvjifPyQ3OQi$c2db1a89dfd1897de4b58e7357ea78063371894036fed0ed149935e4c06bc406
LocustUser231,pbkdf2:sha256:260000$Y6XJmukTofkJhLOH$8a91e3e06cf7a32507385c1257612022ae88618cdd2f48f27de8974a040f147e
LocustUser232,pbkdf2:sha256:260000$XAHsx2luM2izE4AW$d167ddbb5285acd51ccb1ca10d7881b2215af88fa39da91ccb22c7011eae3f05
LocustUser233,pbkdf2:sha256:260000$upPhhLA2Wp2lRlHs$2449006f77aaf169840933a32f73a8ffc7fdd02d952ceb6b1f6006086fc84d17
LocustUser234,pbkdf2:sha256:260000$xJVQLY6syoqSvP6y$bee1541443f28e3c7a7c572629d14099a88df105063dfb6529b90b0c1db54934
LocustUser235,pbkdf2:sha256:260000$zVMK3tL7eYJQGHsF$b7c2a9efa64d5c8bc13f5e8bd7813f87e8a0fc2b71a107ae70680e5929cffc85
LocustUser236,pbkdf2:sha256:260000$KAWxQF9KkZRru2cj$da38647d86c7aa9ee76907a10f76e59f93dc923b085ffcfc26697f18066a29e3
LocustUser237,pbkdf2:sha256:260000$4BjHQEdzLk3jGCM9$4f3f50359e133ccd1a94438a9c1fcf07d3042de31519022af6ff6c92994434d8
LocustUser238,pbkdf2:sha256:260000$pu1tSKGy8mMFnl3H$6da8e4009bbc211522abc6419ebbfb47fb46b47a1002467eef087bbbf47ff237
LocustUser239,pbkdf2:sha256:260000$B543eBBf8nqy1Rg0$4ff8d6ebedeb2165494ccaef54db69c3f10b3364788046d6275a852dbdcbffe9
LocustUser240,pbkdf2:sha256:260000$J22AyqTygNBq4LlD$4ddd111fb341c5fd5e375946450fc858dd68e4993e538a6a7e9e27731b10cfb5
LocustUser241,pbkdf2:sha256:260000$NLpAom66DPe1tZHm$c3844981b3dc3349bc778de064ab41597a5ba20e6ac8355b598465afa0fd43d7
LocustUser242,pbkdf2:sha256:260000$XRN4aJPN0pybYFew$79453b55340811ed086549f9a12cf2b2a77cc37897f410988b2aa9805fe13a6b
LocustUser243,pbkdf2:sha256:260000$hnXLXFTTuNZ2JriI$31117058d9f7078259ae9c79ab73bf4d6f9db590c44d0bb0e55e7a5a64c2ccb4
LocustUser244,pbkdf2:sha256:260000$hZMta1m7tBn7g4fH$c71f78f7c9d569a2126a4686363259b665b13575fd957750af066091162367ef
LocustUser245,pbkdf2:sha256:260000$oeacu1iTZw04mtJc$587d1ac008233ffca86e44cbe8261f7b4feee78d4c47605c857a1639f9187731
LocustUser246,pbkdf2:sha256:260000$a63TkfWn0cKmq3kE$5331e2fe6f31fbfb284d4d7ccf341d52da325ad812a2bd32a30fa99f88248120
LocustUser247,pbkdf2:sha256:260000$6270nAaI9ViQXvpR$deec3a2fb47719eecd86f964dd730928e0e239e6f71acd1b750aa09cdded06af
LocustUser248,pbkdf2:sha256:260000$AnEi3yIiNDRsJnSD$f253fe740726c220912d328abbdae4ce14925a72b8bbea535ed4ca2a371218cd
LocustUser249,pbkdf2:sha256:260000$wDKQUPjJcNndCfeR$bea1972ca6bf43719938a5d7f0ee8c4dc55831961b919251d69e2e9c708d2313
LocustUser250,pbkdf2:sha256:260000$IY5eol6IrVN2sTkO$4627c7d1640ac75823bdb4e11319696fa404f3aabdcea29fd5875f6a2ae9561c
LocustUser251,pbkdf2:sha256:260000$XT1F6d4S1P5czA7R$c0663038940dcaf470a768682c4cee507f08a9d461c1a87718588de88cb9f9c0
LocustUser252,pbkdf2:sha256:260000$X0yQ2W0nKXGAQlkW$0bbeae8c0f128ca322cd08ca741e1ee57aafaaccb93217ca44693035a2193a07
LocustUser253,pbkdf2:sha256:260000$3mLavxXLw7mYVAI6$a9c944ef56fac3e413db5c7e1508f49854e7cc130c528791e571943af08041d0
LocustUser254,pbkdf2:sha256:260000$ymmsg3lCPuFdi2kM$cb3baf5384f80d4ede9c31e171136f6f76f59a762c913460946b1b955d4ca5b0
LocustUser255,pbkdf2:sha256:260000$scy2JJnzgpZIm2rl$9eb254db99affe4792bcbae2facc6f1c9063dcb5761d41b2f418344897eed372
LocustUser256,pbkdf2:sha256:260000$yIacLZG1RlHVAqa8$2f1f20d32280541ad7e0cca9cf6b389d85240be5d3c607df2848803161e4f729
LocustUser257,pbkdf2:sha256:260000$sNmrEhPNbYJ9veUY$8336fcfad6d9246519b6ce6609bd3cd38d4c4e1fbad0f113a64747f05cae86b8
LocustUser258,pbkdf2:sha256:260000$hVd9WnUD7P4utblT$9f391234ad94b083c71c1551adb1e912389f4c57dad750d5633505718341e35a
LocustUser259,pbkdf2:sha256:260000$v0vYHw9SNJa4WmTj$e37c352871aa728da65cfeea0a4644d04848ac7a3576580684f27b270b9321df
LocustUser260,pbkdf2:sha256:260000$pRLkUnzahzWJHmzD$4b0f41cb9bf9e9630532e98418ed22d1eb747f79a616fdab0480d8274320425b
LocustUser261,pbkdf2:sha256:260000$0QfA5hlsgtJURKmk$6ab74e5fa4ab894443f5dc05d52b78cd07cb3fc9f494e33139b3638589ae9dbd
LocustUser262,pbkdf2:sha256:260000$cPnbUAI4M6mT27EE$33403511fd49a0ebb43ac91b788d7e038f0ea5edaea2b9fb499ab36bb4db9ead
LocustUser263,pbkdf2:sha256:260000$mQYddubRV6K19lh4$83bf5c86af1adff10d2df6ec20f192a2be114bf94802cf5d17d971d0cde4ce34
LocustUser264,pbkdf2:sha256:260000$4fQGJstKamyY63Qv$6c2530dfb0ccb728cea3dc4805d786a09116b14a5efce39389e4fdf314f232c4
LocustUser265,pbkdf2:sha256:260000$z7iZdsyycItHno7h$e81b536a14b01107d23248984d98e03afa97cf55c5c61e8f8b0d9039eacbac71
LocustUser266,pbkdf2:sha256:260000$qx3yQbecE0gOMaoK$bc0deb5499a26d53622a1c4a255ae0d9cc977b11d7b5250d8ba14d3f88918d1e
LocustUser267,pbkdf2:sha256:260000$zL9ABP3LSGDdcef7$b7726f83b13794f0dfe392ff935bc56f9f72f1b3268fd57bcce215b0c1adec97
LocustUser268,pbkdf2:sha256:260000$pbEy0PQ0J39gFA63$9a40529ca156999089ce2492172ac201c937e149b61f74bad03a910abcb0aded
LocustUser269,pbkdf2:sha256:260000$UhpBttMyDZKZqWqm$d34cbfd2371bf4c760b96cc6d3d0ec1067e1e2ed3a017f46bfc776472b132df0
LocustUser270,pbkdf2:sha256:260000$Q0i8Kt5KliReWbWM$4082c76006444de324603b8e610066fa227f877b6bc9c302fc1a4c8ab66cfa76
LocustUser271,pbkdf2:sha256:260000$YvQDrxUI9EZa80ZQ$e474fb961ed33ffbf6d7b5e15a470ef48b42da7b850278b104806a0e0beadb60
LocustUser272,pbkdf2:sha256:260000$AwphPsO8L6eusm76$9e1b394669f8a3ee27ece261f0563abe4eb611418c483ed0b69beffae78d37e2
LocustUser273,pbkdf2:sha256:260000$1UJEzppFDDDEuzNk$80e32e8bb29afbe53de56447176b864f7467ccf362941b6deb9a8d38a8775268
LocustUser274,pbkdf2:sha256:260000$mVe2eKbobPFtczJu$a1f92a95883e0c7f92dc99374222e9587251dca965aec00665178dc848194e3f
LocustUser275,pbkdf2:sha256:260000$tsDf2eh05KVJvgiS$5479aaae014200fd9205ebad0ae5f76396da5b63ccb65bbaf3cf111e369ed35b
LocustUser276,pbkdf2:sha256:260000$b9ApekA8Lbpoglyl$561f43786b4ced3553b2195436dc5336001876d593f12a7abeff0493767ae11e
LocustUser277,pbkdf2:sha256:260000$7LlYvctcJWmeImew$49f75472b97e899a1b498ce278c1fa3fe577d5a6ea401f9874750833da94af53
LocustUser278,pbkdf2:sha256:260000$4UzOcbU0YCFNyMf6$01ff76a9f58f37c94ad19461fcacfc891e553355f30b20cb95ae01ea76a078bc
LocustUser279,pbkdf2:sha256:260000$uLJcCm7bD9WDUA0J$bf53e516412e8e502cbc929b37e3cca77a049add63a66df7914cf914457e7b6c
LocustUser280,pbkdf2:sha256:260000$GEfEpse7y0NjMA8h$15d05c06daa5a3e4460926ccfceb6a1c810cc3aedddf6d4681814f3dcc0e925c
LocustUser281,pbkdf2:sha256:260000$55LE02unIaFVIsh1$8e2d9806a23af31c5f879b1abcfab19b181f4abb62714a42f85a0aeecc69f337
LocustUser282,pbkdf2:sha256:260000$zwA5du4jozqNAJ6P$3567775a6667940b1f281408e9296f3c848009b5aabfa4c4de8acb3d52ef4743
LocustUser283,pbkdf2:sha256:260000$wc90cBBVdOBOcBCs$ddbeded737b5767884b5e805ade672e9ccf30e70de071d87694712e833d3f74b
LocustUser284,pbkdf2:sha256:260000$EyTAY0ksN8BMPd5C$b74679a5ca8b6adffdf5a4f59021238c71f11b24c17cfeb0c2536f95aa1a9507
LocustUser285,pbkdf2:sha256:260000$tHLMM8QkUbxwYCyD$e095c2f10e40858c354cc2b24bca88acc82057e27ab7d3c1e94a0ff3770f964d
LocustUser286,pbkdf2:sha256:260000$JKk6dyMw7tZmIICO$167d2b1e113b167ecd58cd56afdb79a4dd89fb93caba4a364d39a8e60274763a
LocustUser287,pbkdf2:sha256:260000$NGiWWpWqBf7ee57w$d04c2a19f21869ec4732d8e33af6c41ccb6c2ab1b535a7f244ceffe065e51ff9
LocustUser288,pbkdf2:sha256:260000$oDven4L8pzx80tHa$a410501232cc8b6822837ced23dbb066bf26c270cacbde10b5c77e85e1317c7c
LocustUser289,pbkdf2:sha256:260000$0DzE9ZVD7e6D3ONJ$73d2e1e4f671fff450ccb21909c5b1e372385b484f03383341515a54f6e01aff
LocustUser290,pbkdf2:sha256:260000$dMH4MoEHPi4xaFVf$0a07f94c9dd8497dabfaf36df7344d704cdbcffeff4900e10089eb28baa64f39
LocustUser291,pbkdf2:sha256:260000$EO6mYUpj6nny5H5R$de3b7c2439b26b1ba5b062e37e2763098b5f4dc753ecff2314a352b74be6c911
LocustUser292,pbkdf2:sha256:260000$2D3bzgeQF12lnrKr$9735b01cf729337b0a81bf7900775477c9003c112f9205dd81a8c8a61c54e0c1
LocustUser293,pbkdf2:sha256:260000$HirGJra2hDrDWyXo$2f0fe1713fc78fab00e9ddadca8482be5e3ef3cc81d4bb74cda427051fa83480
LocustUser294,pbkdf2:sha256:260000$Jhm2ZC5hT6Y4bbRR$6465ee58d85379bec2b088246252b68f262d76bbc2710efb5fed0cc9eaab5a83
LocustUser295,pbkdf2:sha256:260000$yzR4I9KcYEnINQP9$d191bb99c09f5ed0c7ee86b4a6c5b5b012a3926c7d21cfe704a9b39440ff0c81
LocustUser296,pbkdf2:sha256:260000$clO6r4JIVCEP6Ayv$184f78835e19f9390ec6d939a2c29801e41e89b5cdd694efc75bfc8cb25147a0
LocustUser297,pbkdf2:sha256:260000$c2TkjzDOFHeHZTi1$a41a0f57b76ea9bab50770cfd5c773620963c3f32dd2ede0ab1a6bc6f59fcf05
LocustUser298,pbkdf2:sha256:260000$piCJrT8wpG8cAZkp$646955e41d522f032494253daa4ad6bebf9a18368c1f586030b494cd9a8fac6e
LocustUser299,pbkdf2:sha256:260000$QZQnB5fSHZLWLtqv$f76ab1a2cd1b3c0dd5e5259170f5529995b595758c313fd3a4004cd9cbca644f
LocustUser300,pbkdf2:sha256:260000$Z4byhBvdbEbDpIhx$3c6af39451fdd98cfa5b9ac1dbb7ecbce6352dd6d1f68f8ead06f3e71f59839d
LocustUser301,pbkdf2:sha256:260000$ZiBHZmeQxeYBzZ72$2903be89dd92d029c543ebe708c2dcd917c214fe0c4a0bc6a98427cbc02a5754
LocustUser302,pbkdf2:sha256:260000$luzo8g2eykEYRCkT$0f4599a9d934b03b4ca73b21a515d251f4f372071a7e177cb2b16217533acf36
LocustUser303,pbkdf2:sha256:260000$LU9t018VrDVLqAoN$acbd48b041078171325aec351eb634f5eb3fe386cd8b8120d6b109587557315b
LocustUser304,pbkdf2:sha256:260000$YuZIq2LfONd8KU0u$ffe3e4be32ef38c54a7ad55494b9d42e2bdf85a052a17ad9fd8a65ec975922e3
LocustUser305,pbkdf2:sha256:260000$P0g0ztMa8tCNRE9c$ac4d22efc0359ade304f01cbd68bc8359631372f25f34b6e45b40ba671709a64
LocustUser306,pbkdf2:sha256:260000$in6EJKJxemCahvpD$bdbdfdd28d0ffda97959d872c86a112bb0a587d3d6fc1ce2fa8f7266faeb0ea4
LocustUser307,pbkdf2:sha256:260000$G43zEtEmPy9RzU8z$2989121bc5be47c9142b23333c325e6f0f7c6a998708ffb0cf0611762c43fa05
LocustUser308,pbkdf2:sha256:260000$IsOTKBJ7XvrGdQEo$1ff2f349b4f5ab8903edc35cbb38b90279af357cfbcbe9798130b9dc04e1a0ce
LocustUser309,pbkdf2:sha256:260000$znmmJKshJiF39HF0$bdb522bab33bcd0f187bb92a3459b2be52a70f8ff099f02d8b56b5e231795423
LocustUser310,pbkdf2:sha256:260000$RYK29Oj7suDkgfug$a1e4667ca051554c1dd9b94a5e14a956e2d18d2c5da79ec89af6a070f865bd93
LocustUser311,pbkdf2:sha256:260000$l2xHAT8XvlP4idjU$72a29e2b1e04cc2721659116b614aaa5066834df47509c98dae1d03fcac31a62
LocustUser312,pbkdf2:sha256:260000$bKweUlsE05z11vHH$fd411cb6a32c53b96cf93a5be6083f262c3c1d7c10c3a2991648de83bd8a80ad
LocustUser313,pbkdf2:sha256:260000$KAVBTh5EPHoSgpgp$07a6db76225191a5f280d775c1dddd0f92c4204bdfce203c43345e851278f5ac
LocustUser314,pbkdf2:sha256:260000$vYhJV8KPSXQ1vRX1$f22bf73655784113570eb21ba5607a5fe424d4d8cf6dc111bd8b9b0c358502fd
LocustUser315,pbkdf2:sha256:260000$mTND1sLDX0pRuJdI$c78e7fd29df1159116ab82c68d14cc4361b747afca0ad4a89b350fcbc8df3cf8
LocustUser316,pbkdf2:sha256:260000$qgBG4DDe2DsTTWKF$ec0d0ecaf2e266067b5d48f8e5e4f16982be90235cc78daabd37a242831f2599
LocustUser317,pbkdf2:sha256:260000$lQIhHWc9oNbA5xMv$ac4e78091f3d5a9006fff8b82998cc5d7becb4f57dd56d5b909a279868d94141
LocustUser318,pbkdf2:sha256:260000$Y9kf0ACTp064hLLG$bd10ecaeefd8b28f039f7f24b3a2c7040f566ae410e96dbefb1fe0bbcb9a412a
LocustUser319,pbkdf2:sha256:260000$GTeTAd8efsv1ACVm$9b562b55e7030754989b2535b72e7d7c2a4a312c47328dd5635458c5dc50fdb5
LocustUser320,pbkdf2:sha256:260000$vdQfqkbq1cyz9bqY$7d56facdc3cf24c0fb1d5381d0a89cedd5d48f9b8b3536a1e1918c57022c8c07
LocustUser321,pbkdf2:sha256:260000$Ze4dF2A0uFJ3Slh7$85f4c0d4fadfc136600120a7b197cae162803c2df81005a29039bf99d5a061ed
LocustUser322,pbkdf2:sha256:260000$eDdG9WWnPo5iMvzv$a5f8f8aadc76f9bba2bd029a60ea7e566bed12ef7719f90f7ab79aae39bef554
LocustUser323,pbkdf2:sha256:260000$RspSWsDr3S0NzIgJ$532a3485dd80101b014a0eb49a8bcfeec707da36cd4ee21264eb434223e88a73
LocustUser324,pbkdf2:sha256:260000$bd8HelPccgOlqKTq$8a780405f880fbbdd5bca51a19488599149ef1ae417365b396566facb7daeb4e
LocustUser325,pbkdf2:sha256:260000$QtiZSVwVpttBq3nX$bf0fc01e41f1dc238b39777f2e261938a581c9ea959f55b39e8b947eb1bb59b4
LocustUser326,pbkdf2:sha256:260000$8VJyVhTFHolh56Ps$5cbf5549ef126c75d2ce99ce38a8780e1695c5f99ea06237b94a921bdac97e8c
LocustUser327,pbkdf2:sha256:260000$EkvMZoSTER5H4HlK$a750d1ae8baeeb065369ffff43a44f6ab1e8923b322f94c70481abb21ad53c49
LocustUser328,pbkdf2:sha256:260000$RxEuVNbZv08MhvIK$8564ffd03b812bc250522f761d234b079f58a819c415fb64748a8c408a556324
LocustUser329,pbkdf2:sha256:260000$HgaU5Ull7ENxcyBV$bcf29b866c9a91e06bdb5998690d22bce778af477ed2e01a76bc25adb3956929
LocustUser330,pbkdf2:sha256:260000$qThDTaNAQFcLz4Xq$62219e694ad1524bb57f6dd9ac248a0e8ad7a6ecd7095e71ea89b11e348d61c7
LocustUser331,pbkdf2:sha256:260000$9wBS1zIJBwnQoGbm$0abac703a958bcf83fcea0057e08ad568f2d102ef292087cd9b87533e90e1b05
LocustUser332,pbkdf2:sha256:260000$fqE5z0HGMwSgm6cC$a5feb6f2b2a09df27e32738be2864b0e41a74c1c765b2ce3be1511526cac6882
LocustUser333,pbkdf2:sha256:260000$VT34NscrCYSnjyYY$5482845523f2b94476a39941cac61731610f417260f67ac1637fe19627953968
LocustUser334,pbkdf2:sha256:260000$tcOy6uyw3Vvx5aZj$a2e76d146c04d0b381ed4ad87f906f8af1b2d31e37598fd12e83fefc1f19f675
LocustUser335,pbkdf2:sha256:260000$TuuXytOaTXNI9Pcx$c69a8a532757797c8f4d2f4c18c4c6ea3c46ea4773e438cc7ea4c8e4d879465b
LocustUser336,pbkdf2:sha256:260000$qp33WwzJwj25VJXc$57f0727d4e9c862787fee63dfd3a4ec7ee5f4bc01c839e433f1a153af37782b8
LocustUser337,pbkdf2:sha256:260000$ZfMvfmMt8C7tYTqM$52c8a7d087068524b4daf2a5fa2ef0c33f855dea8f6369d7ceae84488c808c1f
LocustUser338,pbkdf2:sha256:260000$iPg8vM7cSlMvoaES$ef97860b1bdec428ad662df5e5f373ef98449599da615cee4d9983c8f31fcd2e
LocustUser339,pbkdf2:sha256:260000$48XS8GPrQYp8S72l$968dc05c6bf0454b7ca9d9aef0e0fd6cac34184d43c1dafe82b05d055450a777
LocustUser340,pbkdf2:sha256:260000$T9hdgkiSyuQPPL2M$606bb0261fe1622787bb3e7ae48111641e3cfebab24ef35c2647ca0606506515
LocustUser341,pbkdf2:sha256:260000$YORZABnu4E21TYrp$221d343ddf78c0800973c4fe98b997f3343ff7fea8d2245d3eb84abc7c3de062
LocustUser342,pbkdf2:sha256:260000$UJxhmqeOducux0wq$6ffbb0aaf0e4e423a29a81b67202b9667b476e0a7f9fb5ad220152fbddc1753a
LocustUser343,pbkdf2:sha256:260000$Jur06Nc18y1oB2XF$053f2770ac1de8c8c1224b36fe8bf7f398403d1c11281c9ae25917854ef72f9e
LocustUser344,pbkdf2:sha256:260000$ZVu9lyukbrvi1LHh$6f69726ff51ad390f7537fe24dc39552728f6ff352a897f5f81dcb3a67534a15
LocustUser345,pbkdf2:sha256:260000$XSwvntWnLdqZk5FE$ed636c2d20d2139c3f84dab000fb26f7b3b4576e9829bb60544ab52526730394
LocustUser346,pbkdf2:sha256:260000$3MKPUBjfJblsZHI1$11d90604531e93d396b15a3953be5c825fafbe06a6a46c64463b4cbdd7a88bb1
LocustUser347,pbkdf2:sha256:260000$cIzv2nKGn2qUSlr0$c2b6eea6725eab252c6aca3c39442ea2906cb87454bcc51c0ea08929bec9d5e2
LocustUser348,pbkdf2:sha256:260000$owXzrv8szEipMxYH$051aaf945f11523c4734b58370d8aa35210cde0dca821a28d52da3b167ef4ee0
LocustUser349,pbkdf2:sha256:260000$mVKtWb2yNFcbYOFR$74e7263471af115191068b308e6ef6e2ed013cab305fc5544b7f42c22b192eae
LocustUser350,pbkdf2:sha256:260000$kEmLm04b9cddsQ21$a147ce4906574ce216813da43c9cd57ad681497b04827cc3c97304477abd6451
LocustUser351,pbkdf2:sha256:260000$nVqzUrZBbA8XRXuu$550ec6271bbf3059b9bb13eb2b4ba0c3c9477945a0828df06a55fe73970e7bdb
LocustUser352,pbkdf2:sha256:260000$qXJZPPRAzqh4YxWh$2165b82fef77303a41c33d628e5e4ff11b11e92cc63c30d90a905304e55bd162
LocustUser353,pbkdf2:sha256:260000$vtNjKAvF7aewNFYZ$a607f8f53d2102b29e6a829c5582a94003e7f8ac5c51e9e4ca049266d6bd985c
LocustUser354,pbkdf2:sha256:260000$G2d4Fw7vJfhaXy23$68cac1e576947656b943789cce3009e411903e52e7c3684c1416c79dfd89cb0e
LocustUser355,pbkdf2:sha256:260000$0ep0AGYskT8G1AzY$69272801f1e28c9a6c17d513f8433cdd082fca076654978f599e1a3e01bdb619
LocustUser356,pbkdf2:sha256:260000$7qU0J833SUGgvLGy$6d051008b2d533506d5802c513285948f219543b99fec6956516ae71560ae358
LocustUser357,pbkdf2:sha256:260000$txip7yHuGhPpjcn8$ad4b138c4d6932d23aae58c6d32cf1b0ae3a16e4ce446e0f4e133f34a0100a66
LocustUser358,pbkdf2:sha256:260000$WFwsKVNV4PyC5ZJS$ffd7c48d5032baac62aa95a66ad22ba7ac80c407952eee0f12c30ab9662581c7
LocustUser359,pbkdf2:sha256:260000$IY6yYClM0LJcrdqi$e9fc833d9b0427524572f1981f50b77e1e129d690eae422f3cb69a586f9139ad
LocustUser360,pbkdf2:sha256:260000$xgddVTQWm12zimzT$1e17a3c8765440b02c0b5bddccbfce521c02623f5b8125d76c9709682363a512
LocustUser361,pbkdf2:sha256:260000$dZZKjSXmsrn7YXCy$bcdf3675f7c2aa57a4bd226b7a7c7b4962f486718fc29df6e62cf3cfc3801cbf
LocustUser362,pbkdf2:sha256:260000$Vuwph27j2DfjEBEc$5fd54702ef050b9a7141045613735b9abbec6b0920b7989f71db7740a15aea64
LocustUser363,pbkdf2:sha256:260000$ZGIxtZ4hOJb8lhH6$555a48d19711abaaf1d3e3373692814d89ec33f2197b1c7faca5bf41f5e0328a
LocustUser364,pbkdf2:sha256:260000$llpdDeu4Gtj3WEij$0ef54a5c1c2ddd5e0f095a75b6df3f10c59511e8a315dd7b3a3384fdcaefb4af
LocustUser365,pbkdf2:sha256:260000$218K8ZrXuRjaZMCt$d22885c2654b0f85bb5d05da42714a02f02b87691c625c8b9067b4a6167e0f26
LocustUser366,pbkdf2:sha256:260000$zmBfbVHO6pibpTIG$d9339ed969d77d2ea6fafc304a3b1c9dfee8eeba39f64b1317eb696afbd2a618
LocustUser367,pbkdf2:sha256:260000$iksYrfOBhIOauiCQ$33650fd104c10c45f43468f0642487f5252b32de42375d0751aabd2dcc150d69
LocustUser368,pbkdf2:sha256:260000$ibHDwP7YRs9KdEH5$56dc8de37c563ccc178cfc172fd24cfd3218840d0ef0fa823c29519768aa701a
LocustUser369,pbkdf2:sha256:260000$SJrBpNmuLQPvwXKA$f8d39c8a1b12d9ea81a7d5aa770e9643e8efa20e50edf1f8a53012a8e73ddfdb
LocustUser370,pbkdf2:sha256:260000$PojZDdQuDriEQr0O$fbe400c627759ab176fe41ddce812d7624e3272a5cda943759e204881efb9234
LocustUser371,pbkdf2:sha256:260000$WDgEOQlaHrWjz4wi$289d134e54dcefd8457b1c92c002ec4a0909dfea506e3d95f88aec3e7990f60f
LocustUser372,pbkdf2:sha256:260000$pyXokdvtYe7iovvq$5f7602de5d44b62fb1832dc208790e67e223f9b17a00282b527d7dddeed78315
LocustUser373,pbkdf2:sha256:260000$M18rxWks95YaO44m$e34ff0887d4015022fbc009d93e5fbad8ef8359ec02cbd8270d984990734aeaf
LocustUser374,pbkdf2:sha256:260000$6Vq0GfutjtVoX18Q$6c27f5b162ea798e4ef45c0f6682a98781897358e3b6323174e81c20ee3b184a
LocustUser375,pbkdf2:sha256:260000$DXrFdDgn5ZYTRBvz$8ab74355788dca381b921e0e3ca9ee17c1f2c028b3e7b80852449c784b16d65d
LocustUser376,pbkdf2:sha256:260000$r3uaTVtTzS8ZND0C$c3f60c6673c2991e736723dad59f4fe7f91e0337f5f3e3c804bbe779e3e1a3b9
LocustUser377,pbkdf2:sha256:260000$elZfdx57KCeehYh7$0d5c44ebb5ee89e5352681f5a25ecc54b0f8e69691c67c3afbac3db991fbd10c
LocustUser378,pbkdf2:sha256:260000$tbsYBWtoGA3zl5OY$d116fd540ada7e06db23d747b52328860083754062bc4214096400fa78e4b8eb
LocustUser379,pbkdf2:sha256:260000$agcKsDPIWvuJ7SW2$eafd1644f0712248c7b59265983b2609cae1b01493ae08b6e3a9dfe1b3d7af61
LocustUser380,pbkdf2:sha256:260000$yOmMLijU2OCssWKQ$13e4dabea0f35808b306fa54790e577bcf5452a0697c819fe260beb4b59ff35e
LocustUser381,pbkdf2:sha256:260000$n6uIpliUfbzbqCTO$e63c1593b554edfc1c16cf892424e1e77d4d1eff3f903a293a96b5945a655a15
LocustUser382,pbkdf2:sha256:260000$0V5CyO6vRpO8cBEy$04864cda55b73558f439fcdb9ac5400011b252f28af450245830d5ad7496809b
LocustUser383,pbkdf2:sha256:260000$MONrZimF8ohguTQs$74bc30eaa58a0b259e30fd15ece86328f8db25022ed662699a0600370fa0e376
LocustUser384,pbkdf2:sha256:260000$EdrA3JauN2gq6yUS$bd0834c16c6fbf2ea9595d85c6faf1b7f787d765d27d68945bbb674b2b429ea4
LocustUser385,pbkdf2:sha256:260000$vjyQSJK5uL2RBoV9$147c53d04ed5da24f7dd57c1aabff1aabe8ea19debf7a1a4aadceb40af289cdc
LocustUser386,pbkdf2:sha256:260000$2MsCMFPOPgOl6aGN$d8d161d99ee2e7a55275761fa12a28e0b3558dec9ac2eb3e9aefc2a7a37fb2d4
LocustUser387,pbkdf2:sha256:260000$xEeincndsj3vfLC1$06f9ad8413795cf4cb45f97c5674c0d2f21c9d8142d7526db1beaefafe6ff55b
LocustUser388,pbkdf2:sha256:260000$5Tl53FCrNO6EF7GX$96c400d158a01b328f4543d7f298ab8c49386e2674d6b08af449176e71c93cf0
LocustUser389,pbkdf2:sha256:260000$FxLeeCrbAHL8r5w8$f66f85e6f744894166625c37eab638263082f7e1657870071a0f9b16ec5e0247
LocustUser390,pbkdf2:sha256:260000$2gOVsAWORkqsyj69$077ea82604ff053dba29fdb630a8638b67642c1a6aefa65c6d8def21058f0e18
LocustUser391,pbkdf2:sha256:260000$OpI16W8C7iiaPuvU$8e60bdfc231291e23e1265721b6be38a83c5cf2b688287069898adfaca5b3f7b
LocustUser392,pbkdf2:sha256:260000$MjOmMnbc7fur8Zwi$0ed8bd5675509f3e07e7fad8c6216f762b90a8dac3ab60826e781668548a2315
LocustUser393,pbkdf2:sha256:260000$srtilmflGnzPegna$eb2c6e0c4accfd5a3411c8d67577a54bae6f8caff6488f94d4b91a4c728e580f
LocustUser394,pbkdf2:sha256:260000$pFYAb6SIp29xMQOd$7729c418e353b7e9fb5041c44dcbba64e0cb01685b946dcc07cc6ce5f6b70c63
LocustUser395,pbkdf2:sha256:260000$HEGuF9qgRIGWKQpu$6370d7a485fa8bbac9be5a9690e232376992ebf458713f4c560412dfa4201664
LocustUser396,pbkdf2:sha256:260000$oVaMRCXeTYSakp5X$cd18e86e35c669f8931eb4e8465de6390ff18eb99266b09fc1b0d42b8643a809
LocustUser397,pbkdf2:sha256:260000$4v20OuDezaL0BKyn$48cc396bc2a720b8516ff1955b2c44588d4fc55f4ba2e1f088810f516727e14c
LocustUser398,pbkdf2:sha256:260000$Xro2vCkqUeHJhKN4$afb65bb9502313e27aa6e537d652d6b026379df6f87178edf6b5a7e1b0d21a42
LocustUser399,pbkdf2:sha256:260000$Nijkre10tci7r5UU$d7b59ea1439b6809799f77cdd13c5a9476078440bfaf71acf35b6fbca5028960
LocustUser400,pbkdf2:sha256:260000$Gh8sWm7GMkA4OuV0$5d52b4789b6a2ed06fd9d0f620a2447a235f7da8f2f2b51e341a26779d088f3d
LocustUser401,pbkdf2:sha256:260000$K3uVmqZcuiIk88qc$721586c0d476ecc2d30334074343d7c1ad8c6a1fd223ac8d4242d3d91bcdc8f6
LocustUser402,pbkdf2:sha256:260000$Cu6xpSXFP0kNe9j4$9b4e35960da589c407e90b7a7137572dd311d06719583036762ca4c300185bf3
LocustUser403,pbkdf2:sha256:260000$rjpbS1nmoEyKcwy0$96d8e922b5279f855664792fc3b7c308c6d383c64cd8412c9359f7623703cce8
LocustUser404,pbkdf2:sha256:260000$tGytGZPqpEP7rBQ2$be3042e11406c8ac2ce1f863494a770df7f82b49cc7ff486459530bb03b7f492
LocustUser405,pbkdf2:sha256:260000$88eo2ZxsnHn9sUhe$f504421876c9edfa2781a9219bb0885446b7b66abe04a44d70b40761c0f6dce0
LocustUser406,pbkdf2:sha256:260000$C3AaRX0oeoyUaHqi$579cb6447058c03b45bd1b44a1843b2ec4880b313042c75fedaee293d07df21c
LocustUser407,pbkdf2:sha256:260000$zx3k15xzV1M4s0ZX$841629956a8d6cedb91026134595f204d2a4da19a34c08575baa50149cdb924a
LocustUser408,pbkdf2:sha256:260000$5sAuqB2dD6OoFnYK$4738766f35a97af6d13692c6aa6b8e43872cdb1937936e2937302b876ff738de
LocustUser409,pbkdf2:sha256:260000$q480ivrBTOhvsqde$0ef3ebb28adac6a652dc2eed924931ebda861ed7d267aaa396e4b06fbace1466
LocustUser410,pbkdf2:sha256:260000$pfBemuyb3lGNHSkH$a258918d28c3efec16033da74592bb7fed36650f1c63d5ad78085e27fa663954
LocustUser411,pbkdf2:sha256:260000$XZ77YiSwgfe7CDTT$359e4488f5f2aeec738c381934af039051f979f6097a65b4319b4df723288991
LocustUser412,pbkdf2:sha256:260000$UcqhZShqdGHBuzXc$1e644d4ec4cdbdbed743b3c44cd7d101d2e28f9d727eb4b2353a6e8ea62263b4
LocustUser413,pbkdf2:sha256:260000$YtKKj0aqIBRkF0hJ$f0303d280c7b2dd6a800b3fc79f9712e5793c497dd944fb731a80624d8e15586
LocustUser414,pbkdf2:sha256:260000$BWJDzzehsFGrwbSH$0ab09c0e384077e4f417f248f78f168df532f1f961256553409e14d7ec47c5a3
LocustUser415,pbkdf2:sha256:260000$ERbEHCwRnfJgvboU$a6021efd50fe6425a2f581e9910d81af04701d74f4d09f12713c9bfc78f2c29e
LocustUser416,pbkdf2:sha256:260000$BFnKo2rXqDEn4LJc$c99299f6022535323c32a4eeb8918abd77f7b6be184f8b8b05116f6d935d0b2e
LocustUser417,pbkdf2:sha256:260000$Roo4WQfbRB1WDDFa$6aac54528e59dafd6115433e61cecb57487835107d4acfc5a6d75c4e588e5f8b
LocustUser418,pbkdf2:sha256:260000$oYaqRqEe0c76gLbn$1089c89a173f2e1cbae5e154130c5d3fe91edc88e07d23091758df1535603672
LocustUser419,pbkdf2:sha256:260000$khETTvyqUB5wpUPk$3cdda5ef3ed74a3c9e907aca27e51463e8dc4e236871d5eb33336436a605facb
LocustUser420,pbkdf2:sha256:260000$7ZWSHAPquTFd2Ew3$2f712058e36c0cccd0906f014e5de1c2d66475c16d86330fdbad2cffefb988ca
LocustUser421,pbkdf2:sha256:260000$CReru5IzDlJn5wYP$e3c18599433f9c0f69e01df854003bbaf77798c80a50931445d841cfa8affea4
LocustUser422,pbkdf2:sha256:260000$nVGImIpKHlYOtZxQ$3de197d278a806f89893064d8cb6883ec9a5c3d3305c0bfb5cac4e65b948c969
LocustUser423,pbkdf2:sha256:260000$VOF2OvXI2qFX2KGW$9ba7e28274cfb63fb99c35f42f9d19e9aa686d75ac1e144563434129f2ad13a2
LocustUser424,pbkdf2:sha256:260000$DtiPjd12mVBeSFdD$50dcb16033b683c8efbe212e4076b06fdc1b67f2a43eb6a2b7c218dba16c5125
LocustUser425,pbkdf2:sha256:260000$ATMfbScKgmxZvg5S$ca3ee21c500ac7f71f45c814e28466368828e3e208909479c043662de74a7e0b
LocustUser426,pbkdf2:sha256:260000$N1dCbWx73REOJuxc$3c1dfb599904f66378c7197bce7a4039939c48d33cc590e3fb60dfd0df0aad73
LocustUser427,pbkdf2:sha256:260000$hYBLzIxo9Itu9rnt$4df4bed2f66e60393f5a7d28527cac41cc37e5f425e0ffe927f25585c94b54eb
LocustUser428,pbkdf2:sha256:260000$oNzi57RFBDA9ZBDI$d8e34f85a799bd526d2ef85a1b056031ae6f228496a9146bbb807ce2fe95a3de
LocustUser429,pbkdf2:sha256:260000$sbBSBYgHr8bDkyi7$731773eafea206c081a02193cc74c77d9771b094680e14264bb68366cf09f6d7
LocustUser430,pbkdf2:sha256:260000$tVkzpjECvy3IXkLd$b3362be6d3b3d2bb4721786ab9c52f6bd9169ac375f2732849ba8f74b09bb3b5
LocustUser431,pbkdf2:sha256:260000$8R5XlOkYI1GwZCgz$fed2a2514a4475569cc56b0786b15f7e5c4aca56c3d4b678553242c5e74c177c
LocustUser432,pbkdf2:sha256:260000$ewb5HakJpaWfDRgH$ea766288ffe1b644e6096199c099ad08616f4c896cda1668294dd67a28b59c4d
LocustUser433,pbkdf2:sha256:260000$MaHP02gh6Wgj4GJT$1d94182c68a6dcd3031c39d57151e45d30332fe1c2cf2408329a7d94614f32d2
LocustUser434,pbkdf2:sha256:260000$wBsfM9D0wwvduLyL$f147361ed7e77c80312b223f931095cafab569f9d986140dd47791b46faf910d
LocustUser435,pbkdf2:sha256:260000$950LzRuwwD3tGDgA$9ab8a95249dc52a70a7beecb8c10ecae4b1a302585e5039f6695b749b59fcd0d
LocustUser436,pbkdf2:sha256:260000$sVYJRvjvKm7IB1UP$5abb4e1c631b44d7bdf06295e733e0a76b97dd59462f17dd0d62da4e4e768416
LocustUser437,pbkdf2:sha256:260000$YZBysRZPSvKNvMjz$6c5f571790bd239e16fbe6606ae139ca9f20824a8f3b70eb73477498c63927b7
LocustUser438,pbkdf2:sha256:260000$6J3qCjCFjEnjkNap$c7214302266f07ff050f084cf2587a07b88d09a71f0d73911799801160cc673b
LocustUser439,pbkdf2:sha256:260000$liTGBiugtBybeufl$9180b99dddc4ed0cf6f63498f926a44031edee1f88b3634e036610dcf304a0ea
LocustUser440,pbkdf2:sha256:260000$iMcRyuUHw2NSve3Y$264b933fbe5cb1b9cf56b745f8b92b6d898dcaa9fc0aedbe2141ceab0e16a91e
LocustUser441,pbkdf2:sha256:260000$6b2BYnefOPJSomW0$c422c2fec16c4b56473a691196e386011f513b35f42b392b4f940ea683e2601c
LocustUser442,pbkdf2:sha256:260000$FyzKAEdJL8YEcx7j$437134473b6150dc48dacca61d098eb57fd6b182e583215801328ed616aad8c5
LocustUser443,pbkdf2:sha256:260000$FfLAyl39soMZHXaa$d8ee8944ec1a96d51f3d82b451c7b108f4e44845f30969b461dc31d6a61381b8
LocustUser444,pbkdf2:sha256:260000$BYeXAHPLNGv6a3EG$7165e57f6811128c925dcb2008c996b1bb687086eecdba67979cfe5ef78b9752
LocustUser445,pbkdf2:sha256:260000$tD5Oxxv6CaLLe4aA$3bae4e6ae31813121423978cecf78feaa401bbcd3c12de78c9736bda5f71fa70
LocustUser446,pbkdf2:sha256:260000$rroP0LuOa4bRr0BL$b7e53e421203fa6d3a220f824017f57e44f417ac7a60ca38b8fc0aa09f562b60
LocustUser447,pbkdf2:sha256:260000$zI4tnkVkKb40X45b$1e290b340aea01851d5d6aa9a4dab29b827472120cc7f4cc48d0849b88c1c2b5
LocustUser448,pbkdf2:sha256:260000$0EuUyNUu760wTNrC$68b60b17d592cdb07f0027e380b0d5251bc76064a1a44170876b3cdefb8299ee
LocustUser449,pbkdf2:sha256:260000$2imWtC209lFut7Ko$0e5a20f4a93f383dac71c834cc16fc93c7c833d1c867dfe37f045b575434c922
LocustUser450,pbkdf2:sha256:260000$7iQueMiGHv38RlU1$efe59127b60988b7ed6bbe43295e463cbb1169ac911f391bca8087a79044cf56
LocustUser451,pbkdf2:sha256:260000$pSDW0fyjojZbUzp5$7e91144b9b78e9970968bead7abed1168b89f5e92b504452b5ff53c22b58c191
LocustUser452,pbkdf2:sha256:260000$LLbhwjLhYw4unNpq$a56f3e245f9f3ed287b0e9dd8725817cbe0bd4f3e2b3880ef6cdb9b07430f83f
LocustUser453,pbkdf2:sha256:260000$Mlzlz8QrjiQX6bCp$c3348c54576ecda7c15a68c0404f96c13e172469067d2915cc348d95b09e8a0d
LocustUser454,pbkdf2:sha256:260000$SnYb1DtQO8Z802yx$70a3e5e864d59aa711428d28f3f1820766133c5c07db3ffccf0a8ff5bd8fbe4c
LocustUser455,pbkdf2:sha256:260000$JYvtYRCTCsFHSZ5n$b504773cc48ef5024b6ae1908da12e70602de056547d7a2b439ba8749fa4c0d2
LocustUser456,pbkdf2:sha256:260000$MZqsVQPs1k9zziZH$3ce218499ceefc83f01ccffce5dee3a5282be3f0e3166d5b0fafbd29981187a1
LocustUser457,pbkdf2:sha256:260000$pEk15RzPNwRR860b$15eacf6262a707faba4700cd941c8ba9deb3a94c1dae92c3f57fa37a32cf2567
LocustUser458,pbkdf2:sha256:260000$acecbybqR8DqJWrb$748ea6c98cfea495aaff79136c256f21fcfe87f631fb356fe2da059cfae02200
LocustUser459,pbkdf2:sha256:260000$t4mjl6dMD4AG2Azw$9c06f8082bb1952327e40fb7421698220d0d99166101e6fe6d646d4cf1dba6fd
LocustUser460,pbkdf2:sha256:260000$mcK1E3hvWMAZ10pY$a2c6c37ac966512fda84ca8b0985960a330ea0979e97df4821575c8cb565be50
LocustUser461,pbkdf2:sha256:260000$iUKT74I2xUyYFeoz$b1e9792fd9ccab3d8427d8268ff88c27e0a3359547c882b52d003caf52409401
LocustUser462,pbkdf2:sha256:260000$dvzao5F299FmCjc3$0abd7450f96444395157bf56edd27ed954b2935e2957347fcf1a03feade5afe7
LocustUser463,pbkdf2:sha256:260000$LiAIp2LflP6pytHf$2d075cc2f49e653d69e5088b23a00e9f65943ad8ccee083213f97272db46646b
LocustUser464,pbkdf2:sha256:260000$ykcxT1dx27K0ummS$f45c62188fd080039317fe70a81e99363ed79536484ca5e802fdde778d1d693b
LocustUser465,pbkdf2:sha256:260000$YoGAxvbdN6NvtBNp$827316f9a60bef66e5976ffc437923f732f61eb870a7d82ee9a420f289be1ba0
LocustUser466,pbkdf2:sha256:260000$03kmIwpotfeU4Znb$cf1b1d56af741ade6880181bbdcd3130314b5cef131516a447581dab8a661c49
LocustUser467,pbkdf2:sha256:260000$UEzKtR4xTslJw6L9$bc208a91047db305aedd40c5f241eeac64f751a47bc815314984e3011521106a
LocustUser468,pbkdf2:sha256:260000$C0Zkeeij9umvTGx1$dec57ee31e05180f7992b1f61d1a979e9f99e57d3e30afa625d6674dd104105f
LocustUser469,pbkdf2:sha256:260000$npq4EL7X1wxz1Qnp$b2e4a91ac90aee123e0cf4db1502793d4033d7de0291807e3702cc276cddbd58
LocustUser470,pbkdf2:sha256:260000$EvaE7kGeRrzQT3sp$363ff9d284787a9e04826448260e30e9c7364ebef97cfbf349834e91ee1c828d
LocustUser471,pbkdf2:sha256:260000$h0vH7gtTbvj4hN9G$9813d58edf6212818ba1a83f6bf194d686a82281b00daa0be6a08333969f93db
LocustUser472,pbkdf2:sha256:260000$4aANvXCeQBZefAET$409650fde9d104a286d3bc8be5fc16ec15fda6c3e37db8169c9cee578dfc6865
LocustUser473,pbkdf2:sha256:260000$GxzlyM0BSRSLmlXS$4d385fbbc3a8aa2eb87d3476241a4d5a6d4d9344b4fdbcacc9b5481fb996c7a3
LocustUser474,pbkdf2:sha256:260000$1YWxN6G2Bb4boLGW$c0948fc5a68448bcac6eb2e3004ec935a3d55bfb2050c8846a1bd7d069182a2b
LocustUser475,pbkdf2:sha256:260000$fpgz96trduNdFmnm$a3498a89a3ea43186da805a000d1e734beb0b2abe75f1992ef455978b41d82bb
LocustUser476,pbkdf2:sha256:260000$L2fWTYyYlve8E26b$c8903e718a57354cfb4af9e60af546275ca1a59b357a8b828b40b88ba1916c08
LocustUser477,pbkdf2:sha256:260000$aEweJAnvSajO8mVg$3de7ec02ec0874430a9effe4cecc3cc5e63f3c858f51fe5c6eb91a2695026832
LocustUser478,pbkdf2:sha256:260000$P9mJG9zmYGHbE3C5$48b060bcde21ead8334d3f031b62951e1f3f22e576104eeb5ee814b36ac1694b
LocustUser479,pbkdf2:sha256:260000$FOgVcxMDJt6hOjiz$efc2dd80fbb3e8d86530c88703568ad9a63ab03f826387e9561182def51202ec
LocustUser480,pbkdf2:sha256:260000$MyeFkcmHpavgSaap$fbdda5f47defcde4b112e4bdf9b80fd8afe2fe823392de8261651e37336fcc84
LocustUser481,pbkdf2:sha256:260000$HDMCPX9UdOAFRny1$9d86635d1ff6e1dfdc8ec65993753c15cc85c387a8529c20e7662a45531de104
LocustUser482,pbkdf2:sha256:260000$WDxSACWBrUHMTbuX$b6de77851e00b66a8877bb144485d79df15f7f7bdcb43379c7908a16c9096335
LocustUser483,pbkdf2:sha256:260000$eE3yPNtf8LvSxULL$a383ebb5bd92c2fdba992d586ee531d9d431b0e8dbaab0afeac4f4bf8e5e4435
LocustUser484,pbkdf2:sha256:260000$12bxuNDjWKGJawWB$43b6dd6d104842c6ac7d03e0f8b5b34bb20df8eda32643ae528f01c27c47427d
LocustUser485,pbkdf2:sha256:260000$fvxC4RBEp0i5XNUh$7630e478ae8597b4176968eb1dda08bb52413dbef724d47ba91cae7e4115de14
LocustUser486,pbkdf2:sha256:260000$VCgfx8MVnV8gzbu1$23d56d658bad07552488d5f2c37c765b14d76d0e25b5bb6d882cdeb53fb66aad
LocustUser487,pbkdf2:sha256:260000$Zo33LzuIzq63LSYU$4e14cea405845dd9287e7163d3b308ce19e447ebdc56416f83dc84bcb422d4a3
LocustUser488,pbkdf2:sha256:260000$xmRifF7VKom8JVcB$5be966ec130113eecefc108ce5d330e59d4f7ad833516dc8199a7b136f7601eb
LocustUser489,pbkdf2:sha256:260000$rck5lOiJ5QC00kKs$2c95feec651fba2862d619277ed974bcda6d880fd4fcf549ba8ab0af17594194
LocustUser490,pbkdf2:sha256:260000$X6EjK2BHSYtz8Hdp$7e830a9151ede94d4946ea7b526cb5f7c722253694d1561ec5de77f9c30a8ae5
LocustUser491,pbkdf2:sha256:260000$2dJALNiHeWVM5nFx$7612a486fad93f505b58053374d32d9035925cf123e416eec9bed7f4cb49d842
LocustUser492,pbkdf2:sha256:260000$c5IjtcirdBrTLlKz$3246624ea09ad5f6174b8abca36c68643133cc5cbda9dbd6b7409eee5ae5741e
LocustUser493,pbkdf2:sha256:260000$kdfldsdx3t3ZH3Hi$02533fb97816a7612798ac17ce2d3b277d1283064c39375623524e0b1c28a19c
LocustUser494,pbkdf2:sha256:260000$Jh6rggUd6XHK2UDw$085978586da6d57b879c25fefa452681118a2af29b7009260aaab7441d852680
LocustUser495,pbkdf2:sha256:260000$5e7KAxpCqcJkBSwx$67bd1704edf46c887de484911a379b8352e77694ddb6d2e5fed28c97954cef95
LocustUser496,pbkdf2:sha256:260000$5TdLLjUKncgEn1n9$0eb28d695812b656752fc694e7904c14747c233c5284164be8eef09341a144ce
LocustUser497,pbkdf2:sha256:260000$VxBcT0y3UFguvXto$7754958c520c1bc1fcf68390278e7f4f9b5c262e2e82559f2653ff1dfb448c43
LocustUser498,pbkdf2:sha256:260000$wcdRYqje7BBRMiK7$9921578c71302ef7401f457c81c02f39725dfe388d317c223ee64a7909a8221e
LocustUser499,pbkdf2:sha256:260000$qxJUIA3GLtjebOqC$bf7534ab7f7f79ca95dd6e9a47c545848a65c7770654c6f63d4934b92ad9b7a0
LocustUser500,pbkdf2:sha256:260000$w3Cnbpol4oRTleuz$4a719668829c1e1ed1f05dfe5d86c3fe7165004363744816ce8aea3e0f0b2385
